{
	"manifest": {
		"publishingInformation": {
			"locales": {
				"en-US": {
					"summary": "Sample Short Description",
					"examplePhrases": [
						"Alexa open hello world"
					],
					"name": "TriviaApp",
					"description": "Sample Full Description"
				}
			},
			"isAvailableWorldwide": true,
			"testingInstructions": "Sample Testing Instructions.",
			"category": "EDUCATION_AND_REFERENCE",
			"distributionCountries": []
		},
		"apis": {
			"custom": {
				"endpoint": {
					"sslCertificateType": "Wildcard",
					"uri": "https://webhook.jovo.cloud/6a039048-4ae8-4bee-b648-ad20eaf733ba"
				}
			}
		},
		"manifestVersion": "1.0"
	}
}